<?xml version="1.0" encoding="UTF-8"?>
<project-private xmlns="http://www.netbeans.org/ns/project-private/1">
    <editor-bookmarks xmlns="http://www.netbeans.org/ns/editor-bookmarks/2" lastBookmarkId="0"/>
    <open-files xmlns="http://www.netbeans.org/ns/projectui-open-files/2">
        <group>
            <file>file:/D:/tj/software/NetBeansProjects/EffigyControlPanel/src/EffigyControlPanel/CPMain.java</file>
            <file>file:/D:/tj/software/NetBeansProjects/EffigyControlPanel/src/EffigyControlPanel/pedalApi.java</file>
            <file>file:/D:/tj/software/NetBeansProjects/EffigyControlPanel/src/EffigyControlPanel/CPContentFrame.java</file>
            <file>file:/D:/tj/software/NetBeansProjects/EffigyControlPanel/src/EffigyControlPanel/pApi.java</file>
            <file>file:/D:/tj/software/NetBeansProjects/EffigyControlPanel/src/EffigyControlPanel/ConfigDialog.java</file>
        </group>
    </open-files>
</project-private>
