<?xml version="1.0" encoding="UTF-8"?>
<project-private xmlns="http://www.netbeans.org/ns/project-private/1">
    <editor-bookmarks xmlns="http://www.netbeans.org/ns/editor-bookmarks/2" lastBookmarkId="0"/>
    <open-files xmlns="http://www.netbeans.org/ns/projectui-open-files/2">
        <group>
            <file>file:/D:/tj/software/NetBeansProjects/EffigyControlPanel/src/uk/co/xfactorylibrarians/coremidi4j/CoreMidiException.java</file>
            <file>file:/D:/tj/software/NetBeansProjects/EffigyControlPanel/src/uk/co/xfactorylibrarians/coremidi4j/CoreMidiClient.java</file>
            <file>file:/D:/tj/software/NetBeansProjects/EffigyControlPanel/src/uk/co/xfactorylibrarians/coremidi4j/CoreMidiSource.java</file>
            <file>file:/D:/tj/software/NetBeansProjects/EffigyControlPanel/src/uk/co/xfactorylibrarians/coremidi4j/CoreMidiTransmitter.java</file>
            <file>file:/D:/tj/software/NetBeansProjects/EffigyControlPanel/src/uk/co/xfactorylibrarians/coremidi4j/CoreMidiInputPort.java</file>
            <file>file:/D:/tj/software/NetBeansProjects/EffigyControlPanel/src/uk/co/xfactorylibrarians/coremidi4j/CoreMidiDestination.java</file>
            <file>file:/D:/tj/software/NetBeansProjects/EffigyControlPanel/src/EffigyControlPanel/pApi.java</file>
            <file>file:/D:/tj/software/NetBeansProjects/EffigyControlPanel/src/uk/co/xfactorylibrarians/coremidi4j/CoreMidiDeviceProvider.java</file>
            <file>file:/D:/tj/software/NetBeansProjects/EffigyControlPanel/src/uk/co/xfactorylibrarians/coremidi4j/CoreMidiNotification.java</file>
            <file>file:/D:/tj/software/NetBeansProjects/EffigyControlPanel/src/EffigyControlPanel/CPContentFrame.java</file>
            <file>file:/D:/tj/software/NetBeansProjects/EffigyControlPanel/src/uk/co/xfactorylibrarians/coremidi4j/CoreMidiDeviceInfo.java</file>
            <file>file:/D:/tj/software/NetBeansProjects/EffigyControlPanel/src/uk/co/xfactorylibrarians/coremidi4j/CoreMidiReceiver.java</file>
            <file>file:/D:/tj/software/NetBeansProjects/EffigyControlPanel/src/uk/co/xfactorylibrarians/coremidi4j/CoreMidiOutputPort.java</file>
            <file>file:/D:/tj/software/NetBeansProjects/EffigyControlPanel/src/uk/co/xfactorylibrarians/coremidi4j/Loader.java</file>
        </group>
    </open-files>
</project-private>
